<?xml version="1.0" encoding="UTF-8"?>
<project-private xmlns="http://www.netbeans.org/ns/project-private/1">
    <editor-bookmarks xmlns="http://www.netbeans.org/ns/editor-bookmarks/2" lastBookmarkId="0"/>
    <open-files xmlns="http://www.netbeans.org/ns/projectui-open-files/2">
        <group>
            <file>file:/C:/Users/laboratorio/Documents/NetBeansProjects/ConexaoBancoDeDados/src/conexaobancodedados/Conexao.java</file>
            <file>file:/C:/Users/laboratorio/Documents/NetBeansProjects/ConexaoBancoDeDados/src/DAO/AlunosDao.java</file>
            <file>file:/C:/Users/laboratorio/Documents/NetBeansProjects/ConexaoBancoDeDados/src/FormPessoa/JframePessoa.java</file>
            <file>file:/C:/Users/laboratorio/Documents/NetBeansProjects/ConexaoBancoDeDados/src/Beans/Alunos.java</file>
            <file>file:/C:/Users/laboratorio/Documents/NetBeansProjects/ConexaoBancoDeDados/src/FormEscola/JframeEscola.java</file>
            <file>file:/C:/Users/laboratorio/Documents/NetBeansProjects/ConexaoBancoDeDados/src/DAO/ProfessoresDao.java</file>
            <file>file:/C:/Users/laboratorio/Documents/NetBeansProjects/ConexaoBancoDeDados/src/Beans/Professores.java</file>
            <file>file:/C:/Users/laboratorio/Documents/NetBeansProjects/ConexaoBancoDeDados/src/Beans/Pessoa.java</file>
            <file>file:/C:/Users/laboratorio/Documents/NetBeansProjects/ConexaoBancoDeDados/src/conexaobancodedados/ConexaoBancoDeDados.java</file>
            <file>file:/C:/Users/laboratorio/Documents/NetBeansProjects/ConexaoBancoDeDados/src/DAO/PessoaDao.java</file>
        </group>
    </open-files>
</project-private>
